,tconst,genres_x
0,tt0163141,Comedy
0,tt0163141,Romance
1,tt0181548,Comedy
2,tt0183869,Action
2,tt0183869,Comedy
2,tt0183869,Crime
3,tt0195119,Comedy
3,tt0195119,Drama
3,tt0195119,Romance
4,tt0211387,Comedy
4,tt0211387,Drama
4,tt0211387,Romance
5,tt0211900,Comedy
6,tt0214289,Comedy
7,tt0214878,Comedy
7,tt0214878,History
8,tt0215757,Comedy
8,tt0215757,Romance
8,tt0215757,Sci-Fi
9,tt0216522,Comedy
9,tt0216522,Fantasy
10,tt0216787,Comedy
10,tt0216787,Drama
10,tt0216787,Romance
11,tt0216800,Comedy
11,tt0216800,Drama
11,tt0216800,Mystery
12,tt0216890,Adventure
12,tt0216890,Comedy
12,tt0216890,Romance
13,tt0216911,Comedy
14,tt0216983,Comedy
15,tt0217168,Comedy
15,tt0217168,Drama
16,tt0225410,Comedy
16,tt0225410,Drama
17,tt0226708,Comedy
17,tt0226708,Romance
18,tt0228242,Comedy
18,tt0228242,Drama
18,tt0228242,Romance
19,tt0229664,Animation
19,tt0229664,Comedy
19,tt0229664,Family
20,tt0230098,Comedy
20,tt0230098,Drama
20,tt0230098,Romance
21,tt0230921,Comedy
21,tt0230921,Drama
22,tt0233709,Comedy
22,tt0233709,Drama
23,tt0234663,Comedy
23,tt0234663,Crime
23,tt0234663,Drama
24,tt0234940,Comedy
24,tt0234940,Romance
25,tt0235108,Comedy
25,tt0235108,Drama
26,tt0236000,Comedy
27,tt0237106,Comedy
27,tt0237106,Romance
28,tt0238036,Comedy
29,tt0239507,Comedy
29,tt0239507,Drama
30,tt0239695,Comedy
30,tt0239695,Drama
31,tt0240009,Comedy
32,tt0240149,Comedy
32,tt0240149,Drama
33,tt0243135,Comedy
33,tt0243135,Drama
33,tt0243135,Romance
34,tt0243493,Comedy
35,tt0245530,Comedy
36,tt0246158,Comedy
36,tt0246158,Drama
37,tt0246278,Comedy
37,tt0246278,Drama
37,tt0246278,Family
38,tt0246431,Comedy
38,tt0246431,Crime
39,tt0246717,Comedy
39,tt0246717,Fantasy
39,tt0246717,Romance
40,tt0246870,Adventure
40,tt0246870,Comedy
41,tt0249568,Comedy
41,tt0249568,Drama
42,tt0249935,Comedy
42,tt0249935,Romance
43,tt0250223,Adventure
43,tt0250223,Comedy
43,tt0250223,Family
44,tt0250343,Comedy
45,tt0252665,Comedy
45,tt0252665,Drama
45,tt0252665,Sport
46,tt0253225,Comedy
46,tt0253225,Drama
46,tt0253225,Romance
47,tt0254521,Comedy
48,tt0256666,Comedy
48,tt0256666,Drama
49,tt0257434,Comedy
50,tt0259060,Comedy
51,tt0259289,Comedy
51,tt0259289,Drama
52,tt0259340,Comedy
52,tt0259340,Romance
53,tt0260185,Comedy
53,tt0260185,Drama
53,tt0260185,Family
54,tt0260767,Adventure
54,tt0260767,Comedy
54,tt0260767,Drama
55,tt0262429,Comedy
55,tt0262429,Sci-Fi
56,tt0262826,Comedy
56,tt0262826,Drama
56,tt0262826,Romance
57,tt0265116,Comedy
57,tt0265116,Crime
57,tt0265116,Drama
58,tt0266013,Comedy
59,tt0266849,Comedy
59,tt0266849,Drama
60,tt0268211,Comedy
60,tt0268211,Drama
61,tt0269105,Comedy
62,tt0269329,Comedy
62,tt0269329,Crime
62,tt0269329,Drama
63,tt0269499,Comedy
63,tt0269499,Drama
63,tt0269499,Romance
64,tt0269771,Comedy
64,tt0269771,Drama
65,tt0271337,Comedy
65,tt0271337,Drama
65,tt0271337,Romance
66,tt0271935,Comedy
67,tt0271945,Comedy
68,tt0272093,Comedy
68,tt0272093,Romance
69,tt0272454,Comedy
69,tt0272454,Romance
70,tt0273772,Animation
70,tt0273772,Comedy
70,tt0273772,Drama
71,tt0274155,Comedy
72,tt0276837,Comedy
72,tt0276837,Drama
73,tt0281108,Action
73,tt0281108,Adventure
73,tt0281108,Comedy
74,tt0281364,Action
74,tt0281364,Comedy
74,tt0281364,Crime
75,tt0282155,Comedy
76,tt0283422,Comedy
76,tt0283422,Drama
77,tt0283832,Comedy
77,tt0283832,Crime
77,tt0283832,Musical
78,tt0283957,Action
78,tt0283957,Adventure
78,tt0283957,Comedy
79,tt0284277,Comedy
79,tt0284277,Drama
79,tt0284277,Romance
80,tt0285150,Comedy
81,tt0285631,Comedy
82,tt0285963,Comedy
82,tt0285963,Romance
83,tt0285964,Comedy
84,tt0286009,Comedy
84,tt0286009,Fantasy
85,tt0286244,Adventure
85,tt0286244,Animation
85,tt0286244,Comedy
86,tt0287963,Comedy
86,tt0287963,Drama
86,tt0287963,Fantasy
87,tt0287986,Comedy
87,tt0287986,Romance
88,tt0290809,Comedy
88,tt0290809,Drama
89,tt0290916,Comedy
89,tt0290916,Drama
89,tt0290916,Romance
90,tt0291063,Comedy
90,tt0291063,Drama
91,tt0291320,Comedy
92,tt0291392,Comedy
92,tt0291392,Drama
92,tt0291392,Romance
93,tt0291400,Comedy
93,tt0291400,Drama
93,tt0291400,War
94,tt0291538,Comedy
94,tt0291538,Drama
94,tt0291538,Romance
95,tt0291542,Comedy
95,tt0291542,Drama
96,tt0292720,Comedy
96,tt0292720,Drama
96,tt0292720,Mystery
97,tt0293116,Comedy
97,tt0293116,Romance
98,tt0293672,Comedy
98,tt0293672,Drama
99,tt0295661,Comedy
99,tt0295661,Drama
99,tt0295661,Romance
100,tt0295721,Action
100,tt0295721,Comedy
100,tt0295721,Crime
101,tt0295736,Comedy
101,tt0295736,Sport
102,tt0296571,Comedy
102,tt0296571,Drama
102,tt0296571,Romance
103,tt0296625,Comedy
103,tt0296625,Drama
104,tt0296686,Comedy
104,tt0296686,Drama
104,tt0296686,Romance
105,tt0296775,Comedy
106,tt0297314,Comedy
107,tt0299556,Action
107,tt0299556,Comedy
107,tt0299556,Horror
108,tt0299594,Comedy
108,tt0299594,Drama
108,tt0299594,Romance
109,tt0302382,Comedy
110,tt0304363,Comedy
110,tt0304363,Drama
110,tt0304363,Sport
111,tt0304417,Comedy
111,tt0304417,Drama
111,tt0304417,Romance
112,tt0304601,Comedy
112,tt0304601,Drama
113,tt0304678,Comedy
113,tt0304678,Drama
113,tt0304678,Romance
114,tt0305395,Comedy
114,tt0305395,Drama
115,tt0305568,Adventure
115,tt0305568,Comedy
115,tt0305568,Romance
116,tt0306040,Comedy
116,tt0306040,Drama
117,tt0306174,Comedy
117,tt0306174,Drama
118,tt0309577,Comedy
118,tt0309577,Drama
118,tt0309577,Romance
119,tt0309872,Comedy
119,tt0309872,Crime
119,tt0309872,Drama
120,tt0310203,Comedy
120,tt0310203,Crime
121,tt0310778,Comedy
121,tt0310778,Drama
121,tt0310778,Mystery
122,tt0311641,Comedy
122,tt0311641,Drama
123,tt0314012,Comedy
123,tt0314012,Drama
123,tt0314012,Musical
124,tt0314390,Comedy
124,tt0314390,Drama
124,tt0314390,Family
125,tt0315152,Comedy
126,tt0316954,Comedy
126,tt0316954,Drama
126,tt0316954,Romance
127,tt0318032,Comedy
127,tt0318032,Drama
127,tt0318032,Fantasy
128,tt0318116,Comedy
128,tt0318116,Drama
129,tt0318725,Comedy
129,tt0318725,Drama
130,tt0318780,Comedy
130,tt0318780,Drama
130,tt0318780,Romance
131,tt0318806,Comedy
131,tt0318806,Drama
131,tt0318806,Romance
132,tt0320693,Comedy
132,tt0320693,Documentary
133,tt0321440,Comedy
134,tt0322999,Comedy
135,tt0325030,Adventure
135,tt0325030,Comedy
135,tt0325030,Drama
136,tt0327259,Comedy
136,tt0327259,Drama
137,tt0328890,Comedy
137,tt0328890,Drama
137,tt0328890,Romance
138,tt0328955,Comedy
139,tt0328990,Comedy
139,tt0328990,Drama
140,tt0329388,Comedy
140,tt0329388,Drama
141,tt0329485,Adventure
141,tt0329485,Comedy
141,tt0329485,Drama
142,tt0329706,Comedy
142,tt0329706,Drama
143,tt0330080,Comedy
143,tt0330080,Drama
143,tt0330080,Romance
144,tt0336432,Comedy
144,tt0336432,Drama
145,tt0337674,Comedy
146,tt0338135,Comedy
146,tt0338135,Crime
146,tt0338135,Drama
147,tt0338828,Comedy
148,tt0338977,Comedy
148,tt0338977,Drama
148,tt0338977,Romance
149,tt0339028,Comedy
150,tt0339279,Comedy
150,tt0339279,Romance
151,tt0339323,Comedy
152,tt0339525,Comedy
153,tt0339553,Comedy
153,tt0339553,Drama
153,tt0339553,Romance
154,tt0339572,Comedy
155,tt0340181,Comedy
156,tt0343426,Comedy
156,tt0343426,Crime
157,tt0343524,Comedy
157,tt0343524,Crime
157,tt0343524,Drama
158,tt0344604,Comedy
158,tt0344604,Romance
159,tt0347056,Comedy
159,tt0347056,Drama
160,tt0347678,Comedy
160,tt0347678,Drama
161,tt0348572,Comedy
162,tt0348841,Comedy
162,tt0348841,Romance
163,tt0349225,Comedy
163,tt0349225,Drama
163,tt0349225,Romance
164,tt0351369,Comedy
164,tt0351369,Drama
164,tt0351369,Music
165,tt0351795,Action
165,tt0351795,Comedy
165,tt0351795,Crime
166,tt0352376,Action
166,tt0352376,Comedy
166,tt0352376,Crime
167,tt0354836,Comedy
167,tt0354836,Music
168,tt0354855,Comedy
169,tt0354899,Comedy
169,tt0354899,Drama
169,tt0354899,Fantasy
170,tt0354953,Comedy
171,tt0356317,Comedy
171,tt0356317,Drama
172,tt0356922,Comedy
172,tt0356922,Crime
172,tt0356922,Mystery
173,tt0356999,Comedy
173,tt0356999,Musical
173,tt0356999,Romance
174,tt0357111,Comedy
174,tt0357111,Crime
174,tt0357111,Mystery
175,tt0362084,Adventure
175,tt0362084,Comedy
175,tt0362084,Horror
176,tt0363144,Comedy
177,tt0364109,Comedy
177,tt0364109,Drama
178,tt0364517,Comedy
178,tt0364517,Drama
178,tt0364517,Romance
179,tt0368566,Comedy
180,tt0368668,Comedy
180,tt0368668,Western
181,tt0371342,Comedy
181,tt0371342,Crime
181,tt0371342,Drama
182,tt0371552,Adventure
182,tt0371552,Animation
182,tt0371552,Comedy
183,tt0371907,Comedy
183,tt0371907,Mystery
184,tt0374583,Comedy
184,tt0374583,Drama
184,tt0374583,Music
185,tt0374627,Action
185,tt0374627,Adventure
185,tt0374627,Comedy
186,tt0374764,Comedy
187,tt0375040,Action
187,tt0375040,Comedy
188,tt0376492,Comedy
188,tt0376492,Drama
189,tt0376961,Comedy
189,tt0376961,Drama
190,tt0377087,Comedy
190,tt0377087,Crime
191,tt0378898,Comedy
191,tt0378898,Drama
191,tt0378898,Romance
192,tt0380349,Action
192,tt0380349,Comedy
192,tt0380349,Crime
193,tt0381008,Comedy
194,tt0381077,Comedy
194,tt0381077,Sport
195,tt0381104,Comedy
196,tt0381270,Comedy
196,tt0381270,Drama
196,tt0381270,Music
197,tt0383025,Comedy
197,tt0383025,Romance
198,tt0383966,Comedy
199,tt0383995,Comedy
200,tt0385524,Comedy
200,tt0385524,Drama
201,tt0385933,Comedy
201,tt0385933,Crime
202,tt0386695,Comedy
203,tt0386858,Comedy
204,tt0388242,Comedy
204,tt0388242,Drama
205,tt0388351,Comedy
206,tt0388559,Comedy
207,tt0389225,Comedy
207,tt0389225,Crime
208,tt0391395,Comedy
208,tt0391395,Drama
209,tt0395553,Comedy
209,tt0395553,Drama
210,tt0395721,Comedy
211,tt0397692,Comedy
212,tt0399222,Comedy
212,tt0399222,Drama
212,tt0399222,Romance
213,tt0399497,Comedy
213,tt0399497,Drama
214,tt0400150,Comedy
214,tt0400150,Drama
214,tt0400150,Musical
215,tt0400897,Comedy
216,tt0401711,Comedy
216,tt0401711,Drama
216,tt0401711,Romance
217,tt0402043,Comedy
218,tt0402093,Comedy
219,tt0402378,Comedy
219,tt0402378,Romance
220,tt0402547,Comedy
221,tt0407251,Comedy
221,tt0407251,Drama
222,tt0408203,Comedy
222,tt0408203,Romance
223,tt0408927,Comedy
223,tt0408927,Romance
224,tt0409937,Comedy
225,tt0410549,Comedy
225,tt0410549,Drama
225,tt0410549,Romance
226,tt0410639,Comedy
226,tt0410639,Drama
227,tt0412422,Comedy
228,tt0412535,Comedy
229,tt0415147,Comedy
229,tt0415147,Drama
229,tt0415147,Romance
230,tt0416071,Comedy
230,tt0416071,Fantasy
231,tt0416333,Adventure
231,tt0416333,Comedy
231,tt0416333,Romance
232,tt0419766,Comedy
232,tt0419766,Drama
232,tt0419766,Romance
233,tt0420555,Comedy
233,tt0420555,Drama
233,tt0420555,Romance
234,tt0422015,Comedy
234,tt0422015,Crime
234,tt0422015,Drama
235,tt0423442,Comedy
235,tt0423442,Drama
236,tt0423444,Comedy
237,tt0423814,Comedy
237,tt0423814,Crime
237,tt0423814,Romance
238,tt0423841,Comedy
238,tt0423841,Drama
238,tt0423841,Romance
239,tt0423877,Comedy
240,tt0424338,Comedy
241,tt0424510,Comedy
242,tt0426266,Comedy
243,tt0427662,Comedy
243,tt0427662,Drama
244,tt0428287,Comedy
245,tt0428293,Comedy
246,tt0428430,Comedy
246,tt0428430,Musical
246,tt0428430,Romance
247,tt0428476,Comedy
248,tt0428489,Comedy
248,tt0428489,Drama
249,tt0428663,Comedy
250,tt0428948,Comedy
250,tt0428948,Crime
251,tt0429052,Comedy
251,tt0429052,Drama
252,tt0429200,Comedy
252,tt0429200,Romance
253,tt0429203,Comedy
254,tt0429227,Comedy
255,tt0429230,Comedy
255,tt0429230,Drama
255,tt0429230,Sport
256,tt0429231,Comedy
256,tt0429231,Drama
257,tt0431654,Comedy
257,tt0431654,Documentary
257,tt0431654,Drama
258,tt0431764,Comedy
259,tt0431827,Comedy
260,tt0433020,Comedy
260,tt0433020,Romance
261,tt0434969,Comedy
261,tt0434969,Drama
261,tt0434969,Romance
262,tt0435794,Comedy
263,tt0436546,Comedy
263,tt0436546,Romance
264,tt0436873,Comedy
265,tt0442207,Comedy
266,tt0443159,Comedy
267,tt0444112,Comedy
267,tt0444112,Drama
267,tt0444112,Romance
268,tt0444519,Comedy
268,tt0444519,Sci-Fi
269,tt0445570,Comedy
269,tt0445570,Mystery
270,tt0445800,Comedy
271,tt0448245,Comedy
272,tt0449851,Comedy
272,tt0449851,Drama
273,tt0450586,Comedy
274,tt0450615,Action
274,tt0450615,Adventure
274,tt0450615,Comedy
275,tt0450664,Comedy
275,tt0450664,Drama
275,tt0450664,Romance
276,tt0450784,Comedy
276,tt0450784,Drama
277,tt0450843,Comedy
277,tt0450843,Horror
277,tt0450843,Thriller
278,tt0455078,Comedy
279,tt0456070,Comedy
280,tt0456123,Comedy
281,tt0459412,Comedy
281,tt0459412,Drama
282,tt0459502,Comedy
282,tt0459502,Drama
283,tt0459668,Comedy
283,tt0459668,Drama
283,tt0459668,War
284,tt0460342,Comedy
284,tt0460342,Drama
284,tt0460342,Romance
285,tt0460858,Comedy
286,tt0460996,Adventure
286,tt0460996,Comedy
286,tt0460996,Drama
287,tt0463352,Comedy
287,tt0463352,Fantasy
287,tt0463352,Music
288,tt0463872,Adventure
288,tt0463872,Comedy
288,tt0463872,Family
289,tt0464059,Comedy
290,tt0464793,Comedy
290,tt0464793,Drama
291,tt0464913,Action
291,tt0464913,Adventure
291,tt0464913,Comedy
292,tt0465177,Comedy
293,tt0469055,Comedy
293,tt0469055,Romance
294,tt0472542,Comedy
295,tt0473753,Comedy
295,tt0473753,Drama
295,tt0473753,Fantasy
296,tt0473910,Comedy
296,tt0473910,Romance
297,tt0473911,Comedy
298,tt0474476,Comedy
299,tt0477988,Comedy
299,tt0477988,Fantasy
299,tt0477988,Music
300,tt0478558,Comedy
301,tt0478566,Comedy
302,tt0478724,Comedy
302,tt0478724,Romance
303,tt0482088,Comedy
303,tt0482088,Romance
304,tt0486084,Comedy
305,tt0486497,Comedy
306,tt0486636,Comedy
306,tt0486636,Drama
307,tt0487469,Comedy
308,tt0487490,Adventure
308,tt0487490,Comedy
309,tt0487505,Comedy
309,tt0487505,Drama
310,tt0488565,Comedy
310,tt0488565,Drama
310,tt0488565,Romance
311,tt0490954,Comedy
312,tt0492330,Comedy
312,tt0492330,Fantasy
312,tt0492330,Horror
313,tt0494239,Comedy
314,tt0494240,Comedy
315,tt0498116,Comedy
316,tt0498118,Comedy
316,tt0498118,Drama
317,tt0499435,Adventure
317,tt0499435,Comedy
318,tt0759509,Comedy
318,tt0759509,Music
319,tt0765142,Comedy
320,tt0772906,Comedy
320,tt0772906,Drama
321,tt0774756,Comedy
322,tt0778784,Comedy
323,tt0792947,Comedy
323,tt0792947,Romance
324,tt0792975,Comedy
325,tt0792984,Comedy
325,tt0792984,Drama
326,tt0792992,Adventure
326,tt0792992,Animation
326,tt0792992,Comedy
327,tt0796335,Biography
327,tt0796335,Comedy
328,tt0798417,Comedy
328,tt0798417,Documentary
329,tt0798820,Comedy
329,tt0798820,Documentary
329,tt0798820,Drama
330,tt0804540,Action
330,tt0804540,Comedy
330,tt0804540,Crime
331,tt0808230,Comedy
331,tt0808230,Fantasy
332,tt0810809,Comedy
332,tt0810809,Drama
333,tt0813531,Comedy
333,tt0813531,Crime
334,tt0814654,Comedy
335,tt0814691,Comedy
335,tt0814691,Drama
336,tt0814768,Comedy
337,tt0815092,Comedy
337,tt0815092,Drama
338,tt0819812,Comedy
338,tt0819812,Drama
339,tt0819953,Comedy
339,tt0819953,Drama
339,tt0819953,Fantasy
340,tt0823240,Comedy
340,tt0823240,Drama
340,tt0823240,Romance
341,tt0825244,Comedy
341,tt0825244,Drama
342,tt0827713,Comedy
342,tt0827713,Crime
342,tt0827713,Drama
343,tt0852970,Comedy
344,tt0864684,Comedy
345,tt0864691,Comedy
345,tt0864691,Drama
346,tt0864751,Comedy
347,tt0864779,Action
347,tt0864779,Comedy
347,tt0864779,Crime
348,tt0870921,Comedy
348,tt0870921,Fantasy
349,tt0875113,Comedy
349,tt0875113,Drama
350,tt0880440,Comedy
350,tt0880440,Crime
351,tt0881343,Comedy
351,tt0881343,Drama
352,tt0887887,Comedy
352,tt0887887,Drama
352,tt0887887,Romance
353,tt0887901,Comedy
354,tt0889606,Comedy
354,tt0889606,Mystery
355,tt0889665,Comedy
356,tt0910911,Comedy
356,tt0910911,Romance
357,tt0920473,Comedy
357,tt0920473,Romance
358,tt0922366,Animation
358,tt0922366,Comedy
358,tt0922366,Fantasy
359,tt0961097,Adventure
359,tt0961097,Animation
359,tt0961097,Comedy
360,tt0973844,Comedy
360,tt0973844,Drama
361,tt0977647,Comedy
361,tt0977647,Romance
362,tt0985107,Comedy
362,tt0985107,Crime
363,tt0991272,Comedy
363,tt0991272,Drama
364,tt0991350,Comedy
365,tt1000091,Comedy
366,tt10023150,Comedy
367,tt1002966,Comedy
367,tt1002966,Crime
367,tt1002966,Thriller
368,tt1003027,Comedy
369,tt10115562,Comedy
370,tt10143114,Comedy
371,tt10143308,Comedy
372,tt10143498,Comedy
372,tt10143498,Drama
373,tt10152488,Comedy
374,tt10183616,Comedy
374,tt10183616,Sci-Fi
375,tt10196398,Comedy
375,tt10196398,Drama
376,tt10223546,Comedy
376,tt10223546,Drama
376,tt10223546,Romance
377,tt10228204,Comedy
377,tt10228204,Drama
377,tt10228204,Romance
378,tt10233406,Comedy
378,tt10233406,Family
379,tt1024896,Comedy
379,tt1024896,Romance
380,tt1024899,Comedy
380,tt1024899,Drama
380,tt1024899,Romance
381,tt10251538,Comedy
381,tt10251538,Family
382,tt10290244,Animation
382,tt10290244,Comedy
382,tt10290244,Family
383,tt10341040,Adventure
383,tt10341040,Animation
383,tt10341040,Comedy
384,tt10345590,Action
384,tt10345590,Adventure
384,tt10345590,Comedy
385,tt10356734,Comedy
385,tt10356734,Drama
385,tt10356734,Musical
386,tt1035729,Comedy
386,tt1035729,Drama
387,tt10366254,Adventure
387,tt10366254,Comedy
388,tt10366428,Comedy
389,tt10369344,Comedy
389,tt10369344,Family
389,tt10369344,Fantasy
390,tt10372626,Comedy
391,tt10375106,Comedy
391,tt10375106,Fantasy
392,tt10375632,Comedy
392,tt10375632,Drama
393,tt10384908,Adventure
393,tt10384908,Comedy
393,tt10384908,Drama
394,tt10392128,Comedy
395,tt10405142,Comedy
396,tt10407272,Comedy
396,tt10407272,Drama
396,tt10407272,Romance
397,tt10415020,Comedy
398,tt10426916,Comedy
399,tt1043852,Animation
399,tt1043852,Comedy
400,tt10441958,Comedy
400,tt10441958,Drama
401,tt10469804,Comedy
401,tt10469804,Drama
401,tt10469804,Horror
402,tt10489382,Comedy
402,tt10489382,Drama
403,tt10492618,Biography
403,tt10492618,Comedy
403,tt10492618,Drama
404,tt10515720,Comedy
405,tt10533078,Comedy
405,tt10533078,Drama
406,tt10537660,Comedy
406,tt10537660,Crime
406,tt10537660,Mystery
407,tt10537978,Comedy
408,tt10547442,Comedy
409,tt10551904,Comedy
410,tt10556220,Comedy
411,tt10557524,Comedy
412,tt1056434,Comedy
412,tt1056434,Drama
413,tt10590506,Comedy
413,tt10590506,Drama
414,tt10627352,Comedy
414,tt10627352,Drama
415,tt10638582,Comedy
416,tt1064932,Comedy
416,tt1064932,Romance
417,tt1064951,Comedy
418,tt1064964,Comedy
418,tt1064964,Crime
419,tt1064976,Comedy
419,tt1064976,Romance
420,tt1065332,Comedy
420,tt1065332,Drama
421,tt10658928,Comedy
421,tt10658928,Family
422,tt1068632,Comedy
422,tt1068632,Musical
423,tt1068676,Comedy
423,tt1068676,Crime
424,tt10715194,Comedy
425,tt1073671,Comedy
426,tt10738536,Comedy
426,tt10738536,Drama
426,tt10738536,History
427,tt10746876,Comedy
427,tt10746876,Drama
428,tt1075111,Comedy
429,tt1075115,Comedy
430,tt1077097,Comedy
431,tt1082051,Comedy
432,tt1087851,Comedy
432,tt1087851,Drama
433,tt1087896,Comedy
433,tt1087896,Horror
434,tt1092020,Comedy
434,tt1092020,Romance
435,tt1093352,Comedy
435,tt1093352,Drama
435,tt1093352,Romance
436,tt10940736,Comedy
437,tt10945232,Comedy
438,tt10945254,Comedy
439,tt1094668,Comedy
439,tt1094668,Romance
440,tt10965792,Comedy
441,tt10965976,Comedy
441,tt10965976,Drama
441,tt10965976,Romance
442,tt11002900,Comedy
442,tt11002900,Drama
442,tt11002900,Music
443,tt11006570,Comedy
444,tt11013434,Adventure
444,tt11013434,Comedy
444,tt11013434,Romance
445,tt11013468,Comedy
446,tt11013572,Comedy
447,tt1105739,Comedy
448,tt11068166,Comedy
448,tt11068166,Drama
449,tt11093134,Comedy
449,tt11093134,Drama
450,tt11179020,Comedy
451,tt11190652,Comedy
451,tt11190652,Drama
452,tt11206302,Action
452,tt11206302,Comedy
452,tt11206302,Crime
453,tt11210390,Adventure
453,tt11210390,Comedy
453,tt11210390,Family
454,tt11225360,Adventure
454,tt11225360,Animation
454,tt11225360,Comedy
455,tt1124397,Action
455,tt1124397,Comedy
455,tt1124397,Crime
456,tt11281142,Comedy
457,tt1130988,Action
457,tt1130988,Comedy
457,tt1130988,Crime
458,tt1132594,Comedy
458,tt1132594,Drama
459,tt1132608,Comedy
460,tt1134014,Comedy
461,tt1134801,Comedy
462,tt1135923,Comedy
463,tt1139800,Comedy
463,tt1139800,Drama
464,tt1149361,Action
464,tt1149361,Comedy
464,tt1149361,Crime
465,tt11508096,Comedy
465,tt11508096,Mystery
465,tt11508096,Thriller
466,tt11541872,Comedy
466,tt11541872,Sci-Fi
467,tt11557872,Comedy
468,tt1156170,Comedy
469,tt1156505,Comedy
469,tt1156505,Romance
470,tt11568322,Comedy
470,tt11568322,Drama
471,tt1160022,Comedy
472,tt1160027,Comedy
472,tt1160027,Drama
473,tt11610804,Comedy
473,tt11610804,Drama
474,tt11669538,Comedy
474,tt11669538,Drama
475,tt1167660,Action
475,tt1167660,Adventure
475,tt1167660,Comedy
476,tt1173683,Comedy
476,tt1173683,Drama
477,tt1174034,Biography
477,tt1174034,Comedy
477,tt1174034,Drama
478,tt11748354,Comedy
478,tt11748354,Drama
479,tt1176954,Comedy
479,tt1176954,Drama
480,tt1179025,Action
480,tt1179025,Adventure
480,tt1179025,Comedy
481,tt1179820,Comedy
482,tt1179836,Comedy
482,tt1179836,Thriller
483,tt1182924,Comedy
484,tt11832346,Comedy
485,tt1193088,Comedy
485,tt1193088,Drama
486,tt1194242,Action
486,tt1194242,Comedy
486,tt1194242,Crime
487,tt1194610,Comedy
488,tt1194616,Comedy
488,tt1194616,Romance
489,tt1196329,Comedy
490,tt1206478,Comedy
490,tt1206478,Crime
490,tt1206478,Mystery
491,tt12071756,Comedy
492,tt12078024,Comedy
493,tt12105554,Comedy
493,tt12105554,Drama
493,tt12105554,Romance
494,tt1213922,Comedy
495,tt1220911,Adventure
495,tt1220911,Animation
495,tt1220911,Comedy
496,tt1235536,Adventure
496,tt1235536,Comedy
496,tt1235536,Western
497,tt1239285,Comedy
497,tt1239285,Drama
498,tt1239462,Adventure
498,tt1239462,Animation
498,tt1239462,Comedy
499,tt12416794,Comedy
500,tt12444440,Comedy
500,tt12444440,Drama
501,tt1252602,Comedy
501,tt1252602,Fantasy
502,tt12591668,Comedy
502,tt12591668,Musical
503,tt12594018,Comedy
504,tt1259591,Comedy
504,tt1259591,Drama
504,tt1259591,History
505,tt1259604,Comedy
505,tt1259604,Drama
506,tt1262877,Comedy
506,tt1262877,Drama
507,tt12633744,Comedy
507,tt12633744,Romance
508,tt1263778,Comedy
508,tt1263778,Drama
509,tt1264904,Comedy
509,tt1264904,Family
510,tt1264912,Comedy
510,tt1264912,Romance
511,tt1266037,Comedy
511,tt1266037,Drama
511,tt1266037,Fantasy
512,tt12698684,Comedy
512,tt12698684,Drama
513,tt12708658,Comedy
513,tt12708658,Drama
513,tt12708658,Romance
514,tt12734582,Comedy
514,tt12734582,Thriller
515,tt1275590,Comedy
516,tt12794950,Comedy
517,tt12808182,Action
517,tt12808182,Adventure
517,tt12808182,Comedy
518,tt12828136,Comedy
518,tt12828136,Drama
519,tt12847022,Adventure
519,tt12847022,Comedy
519,tt12847022,Family
520,tt12847352,Comedy
521,tt12847680,Comedy
522,tt1285228,Comedy
523,tt12883472,Comedy
523,tt12883472,Romance
524,tt12887770,Comedy
524,tt12887770,Horror
525,tt12970142,Comedy
525,tt12970142,Drama
526,tt1302555,Comedy
527,tt1305796,Adventure
527,tt1305796,Comedy
527,tt1305796,Crime
528,tt13079150,Comedy
529,tt1308736,Comedy
530,tt1309463,Comedy
531,tt1310654,Comedy
532,tt1311075,Comedy
532,tt1311075,Drama
533,tt13134894,Comedy
534,tt13136332,Comedy
535,tt13142240,Comedy
535,tt13142240,Drama
535,tt13142240,Romance
536,tt1314237,Comedy
536,tt1314237,Drama
536,tt1314237,Romance
537,tt1314240,Comedy
538,tt13145534,Comedy
538,tt13145534,Drama
538,tt13145534,Fantasy
539,tt1315883,Comedy
540,tt1318037,Comedy
540,tt1318037,Crime
541,tt1320082,Comedy
541,tt1320082,Drama
541,tt1320082,Music
542,tt1322354,Comedy
543,tt13271264,Comedy
544,tt13274576,Comedy
544,tt13274576,Crime
544,tt13274576,Drama
545,tt1327808,Action
545,tt1327808,Comedy
545,tt1327808,Crime
546,tt13303648,Comedy
546,tt13303648,Drama
547,tt13321730,Comedy
547,tt13321730,Drama
548,tt13321782,Comedy
548,tt13321782,Family
548,tt13321782,Music
549,tt13322796,Comedy
549,tt13322796,Drama
550,tt13353386,Comedy
550,tt13353386,Romance
551,tt13361648,Comedy
552,tt1337152,Comedy
553,tt13371942,Biography
553,tt13371942,Comedy
553,tt13371942,Drama
554,tt13429654,Comedy
554,tt13429654,Crime
555,tt1345507,Comedy
555,tt1345507,Romance
556,tt13460190,Comedy
557,tt13492256,Comedy
558,tt1349448,Comedy
558,tt1349448,Romance
559,tt13498230,Comedy
560,tt1349856,Comedy
561,tt13502758,Comedy
562,tt1350940,Comedy
563,tt1353040,Comedy
564,tt13531468,Comedy
564,tt13531468,Drama
565,tt1353937,Comedy
565,tt1353937,Drama
566,tt1354564,Adventure
566,tt1354564,Comedy
567,tt13553662,Comedy
567,tt13553662,Drama
568,tt1355638,Animation
568,tt1355638,Comedy
568,tt1355638,Fantasy
569,tt13558724,Comedy
570,tt1361541,Comedy
571,tt13639204,Comedy
572,tt13667548,Comedy
573,tt13669344,Action
573,tt13669344,Comedy
573,tt13669344,Crime
574,tt13742084,Comedy
575,tt1376451,Comedy
576,tt13774454,Action
576,tt13774454,Comedy
577,tt13774506,Comedy
578,tt13822738,Action
578,tt13822738,Comedy
578,tt13822738,Crime
579,tt13846352,Comedy
579,tt13846352,Sci-Fi
580,tt1388912,Comedy
581,tt13892842,Comedy
581,tt13892842,Drama
582,tt13941852,Comedy
583,tt14017122,Comedy
584,tt14017174,Comedy
585,tt14039346,Comedy
585,tt14039346,Crime
585,tt14039346,Mystery
586,tt14039392,Comedy
586,tt14039392,Drama
586,tt14039392,Romance
587,tt1404082,Comedy
587,tt1404082,Drama
588,tt1405401,Biography
588,tt1405401,Comedy
588,tt1405401,Documentary
589,tt1405807,Action
589,tt1405807,Comedy
590,tt14066140,Comedy
590,tt14066140,Romance
591,tt14073780,Adventure
591,tt14073780,Comedy
591,tt14073780,Family
592,tt1412316,Comedy
592,tt1412316,Crime
593,tt14142950,Comedy
593,tt14142950,Drama
593,tt14142950,Romance
594,tt1415255,Comedy
594,tt1415255,Drama
594,tt1415255,Music
595,tt14200996,Comedy
595,tt14200996,Romance
596,tt1422177,Comedy
596,tt1422177,Romance
597,tt14236348,Comedy
598,tt14280366,Comedy
598,tt14280366,Drama
599,tt1429429,Action
599,tt1429429,Comedy
599,tt1429429,Crime
600,tt14296534,Comedy
600,tt14296534,Documentary
601,tt14313434,Comedy
601,tt14313434,Drama
602,tt14317880,Comedy
602,tt14317880,Horror
603,tt1433540,Adventure
603,tt1433540,Animation
603,tt1433540,Comedy
604,tt14335980,Comedy
604,tt14335980,Drama
604,tt14335980,Music
605,tt14371818,Comedy
605,tt14371818,Romance
606,tt1437361,Comedy
606,tt1437361,Crime
607,tt14441788,Comedy
607,tt14441788,Drama
608,tt14495660,Comedy
609,tt14500880,Comedy
610,tt14504294,Comedy
610,tt14504294,Drama
610,tt14504294,Romance
611,tt1451762,Comedy
611,tt1451762,Drama
612,tt1454607,Comedy
613,tt1454910,Comedy
614,tt14550172,Comedy
615,tt1455151,Comedy
615,tt1455151,Drama
616,tt14590650,Comedy
616,tt14590650,Drama
616,tt14590650,Musical
617,tt1463450,Comedy
617,tt1463450,Drama
618,tt14636024,Comedy
618,tt14636024,Musical
619,tt14646488,Comedy
619,tt14646488,Drama
620,tt1465487,Comedy
620,tt1465487,Romance
621,tt1466569,Comedy
622,tt14700948,Comedy
622,tt14700948,Romance
623,tt1473063,Comedy
623,tt1473063,Drama
623,tt1473063,Romance
624,tt1473074,Comedy
624,tt1473074,Drama
625,tt1473142,Comedy
625,tt1473142,Romance
626,tt1473357,Comedy
626,tt1473357,Music
627,tt1473389,Comedy
628,tt14766300,Comedy
629,tt14778456,Comedy
629,tt14778456,Drama
630,tt1479367,Comedy
631,tt14793714,Comedy
631,tt14793714,Drama
632,tt14831708,Comedy
632,tt14831708,Romance
633,tt1483778,Comedy
633,tt1483778,Drama
633,tt1483778,Musical
634,tt14872500,Comedy
634,tt14872500,Drama
635,tt14877816,Comedy
636,tt14913250,Comedy
636,tt14913250,Drama
636,tt14913250,Romance
637,tt14956076,Comedy
638,tt14962428,Comedy
638,tt14962428,Drama
638,tt14962428,Horror
639,tt1503096,Comedy
640,tt15035902,Comedy
641,tt15049366,Comedy
642,tt1508675,Comedy
642,tt1508675,Drama
643,tt1509742,Comedy
643,tt1509742,Drama
644,tt1509842,Comedy
644,tt1509842,Drama
645,tt15140278,Comedy
645,tt15140278,Drama
645,tt15140278,Romance
646,tt15153138,Comedy
646,tt15153138,Fantasy
646,tt15153138,Romance
647,tt15170560,Comedy
647,tt15170560,Drama
648,tt1517214,Comedy
648,tt1517214,Drama
649,tt15173948,Comedy
649,tt15173948,Family
650,tt1517493,Comedy
651,tt1520863,Comedy
651,tt1520863,Drama
652,tt1521848,Comedy
653,tt1521874,Comedy
654,tt15271654,Comedy
655,tt1528313,Comedy
656,tt1529569,Comedy
656,tt1529569,Romance
657,tt15372110,Comedy
657,tt15372110,Drama
657,tt15372110,Romance
658,tt15377036,Comedy
658,tt15377036,Drama
659,tt15403712,Comedy
659,tt15403712,Drama
659,tt15403712,Romance
660,tt15471560,Comedy
660,tt15471560,Horror
660,tt15471560,Sci-Fi
661,tt1547638,Comedy
661,tt1547638,Drama
662,tt15484716,Comedy
662,tt15484716,Drama
663,tt1548603,Comedy
663,tt1548603,Drama
664,tt15532248,Comedy
664,tt15532248,Romance
665,tt15568526,Comedy
665,tt15568526,Drama
666,tt1560993,Comedy
666,tt1560993,Romance
667,tt1565958,Comedy
667,tt1565958,Romance
668,tt15665948,Comedy
668,tt15665948,Drama
669,tt1566948,Comedy
670,tt15676954,Biography
670,tt15676954,Comedy
671,tt15732372,Comedy
671,tt15732372,Crime
671,tt15732372,Mystery
672,tt15732890,Animation
672,tt15732890,Comedy
672,tt15732890,Drama
673,tt15740736,Comedy
673,tt15740736,Drama
673,tt15740736,Music
674,tt1576421,Comedy
675,tt1576443,Comedy
675,tt1576443,Drama
676,tt15783304,Comedy
676,tt15783304,Drama
677,tt1583303,Comedy
678,tt15838328,Comedy
678,tt15838328,Drama
679,tt1587811,Comedy
679,tt1587811,Drama
680,tt1587877,Comedy
681,tt1590157,Comedy
681,tt1590157,Drama
682,tt1594503,Comedy
682,tt1594503,Romance
683,tt1597522,Adventure
683,tt1597522,Comedy
683,tt1597522,Family
684,tt16062876,Comedy
684,tt16062876,Musical
684,tt16062876,Romance
685,tt1612608,Comedy
685,tt1612608,Drama
686,tt1621868,Comedy
686,tt1621868,Drama
686,tt1621868,Horror
687,tt16306342,Comedy
688,tt1633217,Comedy
688,tt1633217,Drama
688,tt1633217,Music
689,tt1633298,Adult
689,tt1633298,Adventure
689,tt1633298,Comedy
690,tt1638328,Comedy
690,tt1638328,Romance
691,tt1638350,Comedy
692,tt1641624,Comedy
692,tt1641624,Drama
693,tt1642191,Comedy
694,tt1646974,Comedy
694,tt1646974,Drama
694,tt1646974,Romance
695,tt16491386,Comedy
696,tt1651084,Comedy
696,tt1651084,Crime
696,tt1651084,Mystery
697,tt1653874,Comedy
697,tt1653874,Drama
697,tt1653874,Family
698,tt1655413,Animation
698,tt1655413,Comedy
698,tt1655413,Musical
699,tt1655442,Comedy
699,tt1655442,Drama
699,tt1655442,Romance
700,tt1659611,Comedy
700,tt1659611,Drama
701,tt1663321,Comedy
701,tt1663321,Drama
702,tt1667100,Comedy
702,tt1667100,Romance
703,tt1669694,Action
703,tt1669694,Comedy
703,tt1669694,Crime
704,tt1671584,Animation
704,tt1671584,Comedy
704,tt1671584,Family
705,tt1673702,Adventure
705,tt1673702,Animation
705,tt1673702,Comedy
706,tt1674057,Comedy
706,tt1674057,Drama
707,tt1675434,Biography
707,tt1675434,Comedy
707,tt1675434,Drama
708,tt1688064,Comedy
708,tt1688064,Drama
709,tt1688070,Comedy
709,tt1688070,Crime
709,tt1688070,Drama
710,tt1690389,Comedy
710,tt1690389,Drama
711,tt1692206,Comedy
712,tt1692214,Comedy
713,tt16983432,Comedy
714,tt1700467,Comedy
714,tt1700467,Romance
715,tt17040210,Comedy
715,tt17040210,Drama
715,tt17040210,Musical
716,tt17049058,Comedy
717,tt17049070,Comedy
718,tt17049104,Comedy
719,tt17049112,Comedy
720,tt17058536,Comedy
721,tt1708526,Comedy
721,tt1708526,Crime
722,tt1711484,Biography
722,tt1711484,Comedy
722,tt1711484,Drama
723,tt1715356,Comedy
724,tt1715881,Comedy
725,tt1717158,Comedy
726,tt1718801,Comedy
726,tt1718801,Romance
727,tt1718835,Comedy
727,tt1718835,Drama
727,tt1718835,Romance
728,tt1721478,Comedy
728,tt1721478,Drama
729,tt1723642,Adventure
729,tt1723642,Comedy
729,tt1723642,Family
730,tt1726889,Comedy
731,tt1728130,Comedy
732,tt1729630,Comedy
732,tt1729630,Drama
733,tt1730697,Comedy
734,tt1730701,Comedy
734,tt1730701,Crime
735,tt1736636,Comedy
735,tt1736636,Crime
735,tt1736636,Mystery
736,tt1744826,Biography
736,tt1744826,Comedy
736,tt1744826,Family
737,tt1744857,Comedy
738,tt1753535,Comedy
739,tt1753584,Comedy
739,tt1753584,Drama
739,tt1753584,Romance
740,tt1753673,Comedy
741,tt1753792,Comedy
741,tt1753792,Drama
742,tt1754455,Animation
742,tt1754455,Comedy
742,tt1754455,Family
743,tt1754946,Comedy
744,tt1757912,Animation
744,tt1757912,Comedy
744,tt1757912,Family
745,tt17634642,Comedy
746,tt1773578,Comedy
746,tt1773578,Drama
747,tt1779824,Adventure
747,tt1779824,Comedy
747,tt1779824,Crime
748,tt1782467,Comedy
749,tt1784720,Comedy
749,tt1784720,Drama
749,tt1784720,Romance
750,tt1793929,Comedy
751,tt1793931,Comedy
752,tt1794850,Comedy
753,tt17977602,Comedy
754,tt1798224,Adventure
754,tt1798224,Comedy
755,tt1805297,Comedy
756,tt1810864,Comedy
756,tt1810864,Family
757,tt1816518,Adventure
757,tt1816518,Animation
757,tt1816518,Comedy
758,tt1817191,Comedy
758,tt1817191,Drama
758,tt1817191,Mystery
759,tt1821362,Comedy
760,tt1821468,Comedy
760,tt1821468,Romance
761,tt1821489,Comedy
761,tt1821489,Romance
762,tt18224752,Comedy
762,tt18224752,Drama
762,tt18224752,Romance
763,tt18240922,Comedy
763,tt18240922,Drama
764,tt1825889,Comedy
765,tt1828995,Comedy
765,tt1828995,Drama
765,tt1828995,Romance
766,tt18298524,Comedy
767,tt1830499,Comedy
767,tt1830499,Crime
768,tt18350242,Comedy
768,tt18350242,Romance
769,tt1838625,Comedy
770,tt1846612,Comedy
770,tt1846612,Romance
771,tt1850394,Comedy
771,tt1850394,Sport
772,tt1852006,Comedy
772,tt1852006,Drama
772,tt1852006,Romance
773,tt18550220,Comedy
773,tt18550220,Drama
774,tt1857766,Comedy
774,tt1857766,Drama
774,tt1857766,Romance
775,tt1858582,Comedy
775,tt1858582,Drama
776,tt18671246,Comedy
777,tt1872880,Comedy
777,tt1872880,Romance
778,tt18816170,Comedy
779,tt1885331,Comedy
779,tt1885331,Romance
780,tt1890377,Comedy
781,tt1891942,Comedy
781,tt1891942,Drama
782,tt1891968,Comedy
783,tt1906347,Comedy
783,tt1906347,Drama
784,tt1911553,Comedy
784,tt1911553,Drama
785,tt1918911,Comedy
785,tt1918911,Drama
785,tt1918911,Romance
786,tt1922645,Comedy
786,tt1922645,Drama
787,tt1937118,Comedy
787,tt1937118,Drama
787,tt1937118,Romance
788,tt1937133,Action
788,tt1937133,Comedy
788,tt1937133,Crime
789,tt1941585,Comedy
790,tt1943689,Comedy
790,tt1943689,Drama
791,tt1946269,Comedy
791,tt1946269,Romance
792,tt19516696,Comedy
793,tt1966505,Comedy
793,tt1966505,Family
793,tt1966505,Romance
794,tt19719862,Comedy
794,tt19719862,Drama
795,tt19722066,Comedy
795,tt19722066,Family
796,tt19733052,Comedy
797,tt1974287,Comedy
798,tt19815990,Comedy
798,tt19815990,Drama
799,tt19841734,Comedy
799,tt19841734,Crime
799,tt19841734,Romance
800,tt19858178,Comedy
801,tt1986843,Adventure
801,tt1986843,Comedy
801,tt1986843,Romance
802,tt1987018,Comedy
802,tt1987018,Drama
803,tt1992163,Comedy
803,tt1992163,Drama
803,tt1992163,Romance
804,tt1998245,Comedy
805,tt2005173,Comedy
806,tt2008562,Comedy
807,tt2011961,Comedy
807,tt2011961,Family
808,tt2011993,Comedy
809,tt20227026,Comedy
810,tt20249446,Comedy
811,tt20330434,Comedy
811,tt20330434,Crime
812,tt20383014,Comedy
813,tt20413946,Comedy
814,tt20424172,Comedy
815,tt20511498,Comedy
816,tt2055790,Comedy
817,tt20601908,Comedy
818,tt2062990,Comedy
818,tt2062990,Romance
819,tt2063876,Comedy
819,tt2063876,Drama
820,tt20673642,Comedy
821,tt2070776,Comedy
821,tt2070776,Romance
821,tt2070776,Sport
822,tt20766628,Comedy
822,tt20766628,Drama
823,tt2077703,Animation
823,tt2077703,Comedy
823,tt2077703,Romance
824,tt2081435,Comedy
824,tt2081435,Drama
825,tt2087850,Comedy
826,tt2094872,Comedy
826,tt2094872,Drama
827,tt2094877,Biography
827,tt2094877,Comedy
828,tt2094898,Adventure
828,tt2094898,Comedy
828,tt2094898,Drama
829,tt2095685,Comedy
830,tt2102364,Comedy
830,tt2102364,Drama
831,tt2104062,Comedy
831,tt2104062,Drama
832,tt2104080,Comedy
832,tt2104080,Drama
833,tt21042306,Comedy
833,tt21042306,Drama
834,tt2112129,Comedy
835,tt2112204,Comedy
835,tt2112204,Drama
836,tt2113587,Comedy
836,tt2113587,Drama
837,tt21150490,Comedy
838,tt2118701,Comedy
838,tt2118701,Drama
839,tt2119511,Comedy
840,tt21249808,Adventure
840,tt21249808,Comedy
841,tt21257212,Comedy
841,tt21257212,History
842,tt2129887,Comedy
842,tt2129887,Drama
843,tt21309242,Comedy
844,tt21331016,Comedy
844,tt21331016,Family
845,tt21348598,Comedy
845,tt21348598,Drama
846,tt21352380,Comedy
847,tt21358120,Comedy
848,tt21358820,Comedy
848,tt21358820,Crime
848,tt21358820,Drama
849,tt21372098,Comedy
849,tt21372098,Drama
850,tt21431680,Comedy
850,tt21431680,Drama
850,tt21431680,Romance
851,tt21438594,Comedy
851,tt21438594,Drama
852,tt2144176,Comedy
853,tt2153905,Comedy
854,tt21627730,Comedy
855,tt21638298,Action
855,tt21638298,Comedy
855,tt21638298,Crime
856,tt2165166,Comedy
857,tt2166143,Comedy
858,tt2175565,Comedy
858,tt2175565,Crime
858,tt2175565,Mystery
859,tt2175747,Comedy
860,tt2179121,Comedy
860,tt2179121,Drama
861,tt21810762,Adventure
861,tt21810762,Animation
861,tt21810762,Comedy
862,tt21828496,Comedy
862,tt21828496,Drama
863,tt2186812,Comedy
863,tt2186812,Romance
864,tt21877348,Comedy
864,tt21877348,Romance
865,tt21909950,Comedy
865,tt21909950,Drama
865,tt21909950,Family
866,tt2191765,Comedy
866,tt2191765,Drama
866,tt2191765,Romance
867,tt2194607,Comedy
867,tt2194607,Drama
868,tt21956512,Comedy
869,tt21956982,Comedy
870,tt2197088,Comedy
870,tt2197088,Drama
871,tt21997718,Comedy
871,tt21997718,Drama
872,tt2200144,Comedy
873,tt2205517,Comedy
874,tt2207050,Comedy
874,tt2207050,Drama
875,tt2207072,Comedy
876,tt2207090,Comedy
876,tt2207090,Sport
877,tt2210823,Comedy
878,tt2215395,Comedy
878,tt2215395,Crime
879,tt22169328,Comedy
879,tt22169328,Documentary
880,tt22180542,Comedy
881,tt2229253,Comedy
881,tt2229253,Documentary
882,tt2234543,Comedy
882,tt2234543,Drama
883,tt22352776,Adventure
883,tt22352776,Animation
883,tt22352776,Comedy
884,tt22360682,Adventure
884,tt22360682,Animation
884,tt22360682,Comedy
885,tt22397870,Comedy
885,tt22397870,Romance
886,tt2241691,Comedy
886,tt2241691,Drama
886,tt2241691,Romance
887,tt2246909,Comedy
887,tt2246909,Crime
887,tt2246909,Mystery
888,tt2251798,Comedy
889,tt2253939,Comedy
889,tt2253939,Drama
889,tt2253939,Romance
890,tt2261749,Comedy
890,tt2261749,Drama
891,tt2271777,Comedy
892,tt2276095,Comedy
892,tt2276095,Drama
893,tt2276778,Comedy
894,tt2279245,Comedy
894,tt2279245,Drama
895,tt2282849,Comedy
896,tt22872766,Comedy
896,tt22872766,Documentary
897,tt2289538,Comedy
897,tt2289538,Drama
898,tt2293138,Comedy
899,tt2295750,Comedy
899,tt2295750,Romance
900,tt2298384,Comedy
900,tt2298384,Romance
901,tt2311182,Comedy
901,tt2311182,Romance
902,tt2315200,Comedy
903,tt2319018,Comedy
904,tt2320274,Comedy
905,tt2321405,Animation
905,tt2321405,Comedy
905,tt2321405,Drama
906,tt2330546,Comedy
906,tt2330546,Sport
907,tt2336259,Comedy
908,tt2342207,Comedy
909,tt2353989,Comedy
910,tt2354181,Comedy
911,tt2357201,Comedy
911,tt2357201,Drama
912,tt2359652,Comedy
913,tt2361110,Comedy
913,tt2361110,Drama
914,tt23740404,Comedy
915,tt2375791,Comedy
915,tt2375791,Drama
916,tt23790924,Comedy
916,tt23790924,Drama
916,tt23790924,Fantasy
917,tt2382422,Comedy
918,tt23856264,Comedy
918,tt23856264,Drama
919,tt23867462,Comedy
919,tt23867462,Romance
920,tt2390281,Comedy
921,tt2391746,Comedy
922,tt2392672,Comedy
923,tt2397487,Comedy
924,tt2397489,Comedy
925,tt2399495,Comedy
925,tt2399495,Drama
926,tt2399499,Comedy
927,tt2399501,Comedy
927,tt2399501,Drama
927,tt2399501,Romance
928,tt2401912,Comedy
929,tt2402577,Comedy
930,tt2403981,Comedy
930,tt2403981,Crime
930,tt2403981,Thriller
931,tt2411112,Comedy
931,tt2411112,Drama
931,tt2411112,History
932,tt24156250,Comedy
933,tt2416376,Comedy
933,tt2416376,Drama
933,tt2416376,Music
934,tt2418298,Comedy
935,tt2420886,Comedy
936,tt2430044,Comedy
936,tt2430044,Romance
937,tt24330928,Comedy
938,tt2434800,Comedy
938,tt2434800,Drama
939,tt2435076,Comedy
939,tt2435076,Drama
940,tt2441982,Comedy
940,tt2441982,Fantasy
941,tt2442502,Comedy
941,tt2442502,Romance
942,tt2459758,Comedy
942,tt2459758,Crime
943,tt2474438,Comedy
943,tt2474438,Drama
943,tt2474438,Music
944,tt24799686,Comedy
945,tt2493728,Comedy
946,tt2502724,Comedy
946,tt2502724,Drama
946,tt2502724,Family
947,tt25154176,Comedy
948,tt2520516,Comedy
949,tt2521724,Comedy
949,tt2521724,Crime
949,tt2521724,Drama
950,tt2524568,Comedy
950,tt2524568,Drama
951,tt2536428,Comedy
951,tt2536428,Drama
952,tt2538654,Comedy
952,tt2538654,Family
953,tt2545186,Comedy
954,tt25750424,Comedy
954,tt25750424,Romance
955,tt2577876,Comedy
955,tt2577876,Romance
956,tt2593224,Comedy
956,tt2593224,Drama
957,tt2593230,Comedy
957,tt2593230,Drama
957,tt2593230,Romance
958,tt25969960,Comedy
958,tt25969960,Drama
959,tt25971180,Comedy
960,tt2597216,Comedy
961,tt2602664,Comedy
961,tt2602664,Music
962,tt2607692,Comedy
963,tt2609222,Comedy
964,tt26256216,Comedy
964,tt26256216,Drama
965,tt2630162,Comedy
966,tt2638096,Comedy
967,tt2641648,Comedy
967,tt2641648,Drama
967,tt2641648,Musical
968,tt26440921,Comedy
968,tt26440921,Crime
969,tt2644800,Comedy
969,tt2644800,Romance
970,tt2664012,Comedy
970,tt2664012,Drama
971,tt2664838,Comedy
972,tt26660615,Comedy
973,tt2693702,Comedy
973,tt2693702,Drama
974,tt2700582,Comedy
974,tt2700582,Drama
974,tt2700582,Romance
975,tt27128442,Comedy
976,tt27128451,Comedy
977,tt2716554,Comedy
977,tt2716554,Drama
978,tt2720966,Comedy
978,tt2720966,Fantasy
978,tt2720966,Romance
979,tt27502506,Comedy
979,tt27502506,Drama
980,tt2751390,Comedy
980,tt2751390,Drama
980,tt2751390,Romance
981,tt2767378,Comedy
982,tt2788556,Comedy
982,tt2788556,Drama
982,tt2788556,Romance
983,tt2792346,Comedy
984,tt2792348,Comedy
985,tt2795848,Comedy
985,tt2795848,Crime
985,tt2795848,Mystery
986,tt2800240,Comedy
987,tt2800356,Adventure
987,tt2800356,Comedy
987,tt2800356,Family
988,tt2811878,Comedy
988,tt2811878,Drama
988,tt2811878,Romance
989,tt2821648,Comedy
989,tt2821648,Drama
990,tt2832422,Comedy
990,tt2832422,Drama
990,tt2832422,History
991,tt2835546,Comedy
992,tt2836252,Comedy
993,tt2836464,Comedy
993,tt2836464,Drama
994,tt2844994,Comedy
994,tt2844994,Drama
995,tt2846972,Comedy
996,tt2846996,Comedy
996,tt2846996,Drama
997,tt2847090,Comedy
997,tt2847090,Drama
998,tt2848734,Comedy
998,tt2848734,Drama
998,tt2848734,Romance
999,tt2849498,Comedy
999,tt2849498,Sport
1000,tt2853614,Comedy
1000,tt2853614,Crime
1000,tt2853614,Mystery
1001,tt2855342,Comedy
1002,tt2871116,Comedy
1003,tt2891070,Comedy
1003,tt2891070,Drama
1004,tt2912974,Comedy
1004,tt2912974,Romance
1005,tt2914386,Comedy
1005,tt2914386,Drama
1006,tt2916510,Comedy
1006,tt2916510,Drama
1007,tt2922440,Comedy
1008,tt2936884,Comedy
1009,tt2944140,Comedy
1009,tt2944140,Drama
1010,tt2947742,Comedy
1011,tt2969776,Comedy
1012,tt2978426,Comedy
1012,tt2978426,Romance
1013,tt2979414,Comedy
1014,tt2994626,Comedy
1014,tt2994626,Drama
1015,tt3013588,Comedy
1015,tt3013588,Drama
1015,tt3013588,Romance
1016,tt3013602,Comedy
1017,tt3019796,Comedy
1017,tt3019796,Family
1018,tt3032300,Adventure
1018,tt3032300,Animation
1018,tt3032300,Comedy
1019,tt3041452,Comedy
1020,tt3053860,Comedy
1020,tt3053860,Drama
1021,tt3077818,Comedy
1022,tt3092076,Comedy
1023,tt3098306,Comedy
1023,tt3098306,Romance
1024,tt3104572,Comedy
1025,tt3114432,Comedy
1026,tt3144600,Comedy
1026,tt3144600,Romance
1027,tt3149578,Comedy
1028,tt3164166,Comedy
1028,tt3164166,Drama
1028,tt3164166,Family
1029,tt3169710,Comedy
1029,tt3169710,Drama
1030,tt3184934,Comedy
1030,tt3184934,Drama
1030,tt3184934,Romance
1031,tt3194410,Comedy
1031,tt3194410,Drama
1032,tt3202098,Comedy
1033,tt3202120,Comedy
1034,tt3202374,Comedy
1034,tt3202374,Drama
1035,tt3202392,Comedy
1035,tt3202392,Drama
1036,tt3202408,Comedy
1036,tt3202408,Romance
1037,tt3204144,Adventure
1037,tt3204144,Comedy
1037,tt3204144,Romance
1038,tt3223302,Comedy
1038,tt3223302,Drama
1038,tt3223302,Romance
1039,tt3227548,Comedy
1039,tt3227548,Drama
1039,tt3227548,Music
1040,tt3229778,Adventure
1040,tt3229778,Comedy
1040,tt3229778,Fantasy
1041,tt3242352,Comedy
1041,tt3242352,Drama
1042,tt3253750,Comedy
1043,tt3289126,Comedy
1043,tt3289126,Drama
1044,tt3324286,Comedy
1045,tt3332410,Animation
1045,tt3332410,Comedy
1045,tt3332410,Family
1046,tt3398868,Comedy
1047,tt3399024,Comedy
1047,tt3399024,Drama
1047,tt3399024,Romance
1048,tt3399054,Comedy
1049,tt3407208,Comedy
1049,tt3407208,Drama
1050,tt3407236,Comedy
1051,tt3421514,Comedy
1052,tt3422078,Adventure
1052,tt3422078,Animation
1052,tt3422078,Comedy
1053,tt3431786,Comedy
1053,tt3431786,Drama
1053,tt3431786,Sci-Fi
1054,tt3431806,Comedy
1054,tt3431806,Drama
1055,tt3433358,Comedy
1055,tt3433358,Drama
1055,tt3433358,Thriller
1056,tt3433668,Comedy
1057,tt3446862,Comedy
1057,tt3446862,Drama
1057,tt3446862,Romance
1058,tt3454148,Animation
1058,tt3454148,Comedy
1059,tt3476480,Comedy
1059,tt3476480,Drama
1060,tt3480182,Comedy
1061,tt3499754,Comedy
1062,tt3504542,Comedy
1062,tt3504542,Drama
1063,tt3519272,Comedy
1063,tt3519272,Drama
1064,tt3532850,Comedy
1065,tt3533592,Comedy
1065,tt3533592,Drama
1066,tt3547740,Comedy
1066,tt3547740,Drama
1066,tt3547740,Music
1067,tt3577618,Comedy
1067,tt3577618,Horror
1068,tt3592172,Action
1068,tt3592172,Comedy
1069,tt3592176,Comedy
1069,tt3592176,Drama
1070,tt3613648,Comedy
1070,tt3613648,Drama
1070,tt3613648,Romance
1071,tt3624624,Comedy
1071,tt3624624,Romance
1072,tt3636528,Comedy
1072,tt3636528,Drama
1072,tt3636528,Fantasy
1073,tt3645154,Comedy
1074,tt3667648,Comedy
1075,tt3686782,Comedy
1075,tt3686782,Fantasy
1075,tt3686782,Horror
1076,tt3713944,Comedy
1077,tt3744684,Comedy
1077,tt3744684,Drama
1078,tt3759416,Adventure
1078,tt3759416,Animation
1078,tt3759416,Comedy
1079,tt3792960,Comedy
1079,tt3792960,Fantasy
1080,tt3800012,Comedy
1080,tt3800012,Drama
1081,tt3811986,Comedy
1081,tt3811986,Romance
1082,tt3814316,Comedy
1083,tt3817962,Comedy
1083,tt3817962,Romance
1084,tt3828466,Comedy
1084,tt3828466,Drama
1084,tt3828466,Sport
1085,tt3854802,Comedy
1086,tt3855834,Comedy
1086,tt3855834,Drama
1087,tt3858372,Adventure
1087,tt3858372,Animation
1087,tt3858372,Comedy
1088,tt3876560,Adventure
1088,tt3876560,Comedy
1088,tt3876560,Drama
1089,tt3877718,Comedy
1089,tt3877718,Drama
1089,tt3877718,Romance
1090,tt3882000,Adventure
1090,tt3882000,Comedy
1090,tt3882000,Drama
1091,tt3896710,Comedy
1091,tt3896710,Drama
1092,tt3900530,Comedy
1093,tt3902310,Comedy
1094,tt3905060,Comedy
1094,tt3905060,Drama
1094,tt3905060,Romance
1095,tt3913206,Comedy
1095,tt3913206,Drama
1096,tt3960938,Comedy
1096,tt3960938,Drama
1097,tt3969522,Comedy
1097,tt3969522,Drama
1098,tt3985434,Comedy
1099,tt4022440,Comedy
1099,tt4022440,Drama
1099,tt4022440,Mystery
1100,tt4023430,Comedy
1101,tt4024546,Comedy
1101,tt4024546,Fantasy
1102,tt4025194,Comedy
1103,tt4032428,Adventure
1103,tt4032428,Comedy
1104,tt4032450,Comedy
1105,tt4035268,Comedy
1105,tt4035268,Crime
1105,tt4035268,Drama
1106,tt4040042,Comedy
1106,tt4040042,Drama
1106,tt4040042,Romance
1107,tt4057632,Comedy
1107,tt4057632,Drama
1108,tt4058218,Comedy
1108,tt4058218,Romance
1109,tt4075488,Comedy
1110,tt4080672,Comedy
1110,tt4080672,Drama
1110,tt4080672,Romance
1111,tt4084056,Comedy
1111,tt4084056,Drama
1111,tt4084056,Romance
1112,tt4085944,Comedy
1113,tt4161564,Comedy
1113,tt4161564,Drama
1113,tt4161564,Romance
1114,tt4161586,Comedy
1114,tt4161586,Drama
1114,tt4161586,Romance
1115,tt4161632,Comedy
1115,tt4161632,Drama
1115,tt4161632,Music
1116,tt4163636,Comedy
1116,tt4163636,Drama
1117,tt4163644,Comedy
1117,tt4163644,Drama
1118,tt4164350,Comedy
1119,tt4168470,Comedy
1119,tt4168470,Drama
1119,tt4168470,Romance
1120,tt4176556,Comedy
1120,tt4176556,Drama
1120,tt4176556,Romance
1121,tt4216890,Comedy
1121,tt4216890,Drama
1122,tt4216908,Comedy
1122,tt4216908,Crime
1122,tt4216908,Drama
1123,tt4246850,Comedy
1123,tt4246850,Drama
1124,tt4250606,Comedy
1124,tt4250606,Sport
1125,tt4255626,Comedy
1125,tt4255626,Romance
1126,tt4313608,Comedy
1126,tt4313608,Drama
1127,tt4357368,Comedy
1127,tt4357368,Drama
1128,tt4384186,Comedy
1128,tt4384186,Romance
1129,tt4386356,Comedy
1129,tt4386356,Drama
1130,tt4400058,Comedy
1131,tt4400086,Comedy
1131,tt4400086,Drama
1132,tt4428714,Comedy
1132,tt4428714,Romance
1133,tt4428720,Comedy
1134,tt4428740,Comedy
1134,tt4428740,Drama
1135,tt4428774,Comedy
1136,tt4447076,Comedy
1137,tt4463248,Comedy
1137,tt4463248,Family
1137,tt4463248,Fantasy
1138,tt4466362,Comedy
1139,tt4466864,Comedy
1140,tt4466894,Adventure
1140,tt4466894,Animation
1140,tt4466894,Comedy
1141,tt4466936,Comedy
1141,tt4466936,Romance
1142,tt4467176,Comedy
1142,tt4467176,Drama
1143,tt4494706,Comedy
1144,tt4505118,Comedy
1145,tt4505208,Adventure
1145,tt4505208,Comedy
1145,tt4505208,Drama
1146,tt4515544,Comedy
1147,tt4523050,Comedy
1147,tt4523050,Drama
1148,tt4531006,Biography
1148,tt4531006,Comedy
1148,tt4531006,Crime
1149,tt4531694,Comedy
1150,tt4538708,Comedy
1151,tt4551314,Comedy
1151,tt4551314,Crime
1152,tt4576612,Comedy
1152,tt4576612,Drama
1152,tt4576612,Music
1153,tt4589186,Comedy
1153,tt4589186,Drama
1154,tt4607228,Comedy
1154,tt4607228,Drama
1154,tt4607228,Romance
1155,tt4616292,Comedy
1155,tt4616292,Drama
1156,tt4621060,Comedy
1156,tt4621060,Romance
1157,tt4625516,Comedy
1157,tt4625516,Crime
1157,tt4625516,Drama
1158,tt4629028,Comedy
1158,tt4629028,Drama
1159,tt4641248,Comedy
1159,tt4641248,Drama
1160,tt4676238,Comedy
1160,tt4676238,Sport
1161,tt4693588,Biography
1161,tt4693588,Comedy
1161,tt4693588,Drama
1162,tt4693612,Comedy
1162,tt4693612,Romance
1163,tt4699388,Comedy
1163,tt4699388,Romance
1164,tt4717402,Action
1164,tt4717402,Animation
1164,tt4717402,Comedy
1165,tt4725842,Comedy
1165,tt4725842,Horror
1166,tt4741686,Comedy
1167,tt4741714,Comedy
1167,tt4741714,Crime
1167,tt4741714,Drama
1168,tt4783254,Comedy
1168,tt4783254,Mystery
1169,tt4787478,Comedy
1170,tt4835472,Comedy
1171,tt4838440,Comedy
1172,tt4857596,Comedy
1172,tt4857596,Drama
1173,tt4875774,Comedy
1173,tt4875774,Musical
1174,tt4877258,Comedy
1174,tt4877258,Drama
1175,tt4880956,Comedy
1175,tt4880956,Drama
1176,tt4926538,Comedy
1177,tt4926822,Comedy
1178,tt4937928,Comedy
1178,tt4937928,Drama
1179,tt4948452,Comedy
1179,tt4948452,Drama
1180,tt4948854,Comedy
1180,tt4948854,Crime
1181,tt4979860,Comedy
1181,tt4979860,Drama
1182,tt4993964,Action
1182,tt4993964,Comedy
1183,tt5029602,Action
1183,tt5029602,Adventure
1183,tt5029602,Comedy
1184,tt5037626,Comedy
1184,tt5037626,Drama
1185,tt5038358,Comedy
1185,tt5038358,Drama
1186,tt5058358,Comedy
1187,tt5072542,Comedy
1187,tt5072542,Crime
1187,tt5072542,Romance
1188,tt5077538,Comedy
1188,tt5077538,Crime
1189,tt5077886,Comedy
1190,tt5078100,Comedy
1190,tt5078100,Romance
1191,tt5078158,Comedy
1191,tt5078158,Drama
1192,tt5078202,Comedy
1192,tt5078202,Drama
1192,tt5078202,Fantasy
1193,tt5078204,Comedy
1193,tt5078204,Drama
1194,tt5078214,Comedy
1194,tt5078214,Drama
1194,tt5078214,Romance
1195,tt5078326,Comedy
1195,tt5078326,Drama
1196,tt5080356,Comedy
1196,tt5080356,Drama
1197,tt5091538,Adventure
1197,tt5091538,Comedy
1197,tt5091538,War
1198,tt5096486,Comedy
1199,tt5114982,Comedy
1200,tt5115004,Adventure
1200,tt5115004,Comedy
1201,tt5115024,Comedy
1201,tt5115024,Drama
1202,tt5124082,Comedy
1202,tt5124082,Drama
1203,tt5137222,Comedy
1204,tt5141494,Comedy
1204,tt5141494,Drama
1205,tt5148864,Comedy
1206,tt5157682,Comedy
1206,tt5157682,Drama
1206,tt5157682,Romance
1207,tt5197068,Comedy
1207,tt5197068,Romance
1208,tt5199486,Comedy
1209,tt5227512,Comedy
1209,tt5227512,Drama
1210,tt5231812,Comedy
1210,tt5231812,Drama
1211,tt5236110,Comedy
1211,tt5236110,Drama
1211,tt5236110,Romance
1212,tt5247704,Comedy
1212,tt5247704,Drama
1213,tt5252396,Comedy
1213,tt5252396,Drama
1214,tt5253294,Comedy
1215,tt5254154,Comedy
1215,tt5254154,Music
1216,tt5256722,Comedy
1217,tt5258850,Comedy
1217,tt5258850,Crime
1217,tt5258850,Drama
1218,tt5263324,Comedy
1219,tt5286268,Comedy
1219,tt5286268,Crime
1220,tt5308364,Comedy
1220,tt5308364,Drama
1221,tt5313906,Animation
1221,tt5313906,Comedy
1221,tt5313906,Family
1222,tt5324800,Comedy
1223,tt5337760,Comedy
1223,tt5337760,Drama
1224,tt5338174,Comedy
1225,tt5338644,Comedy
1225,tt5338644,Drama
1225,tt5338644,Sci-Fi
1226,tt5356260,Comedy
1227,tt5356292,Comedy
1228,tt5378294,Comedy
1229,tt5488234,Comedy
1229,tt5488234,Romance
1230,tt5493370,Comedy
1231,tt5509412,Comedy
1231,tt5509412,Drama
1231,tt5509412,Romance
1232,tt5515670,Action
1232,tt5515670,Comedy
1232,tt5515670,Crime
1233,tt5555502,Biography
1233,tt5555502,Comedy
1233,tt5555502,Drama
1234,tt5597946,Comedy
1235,tt5598100,Comedy
1235,tt5598100,Drama
1236,tt5598160,Comedy
1236,tt5598160,Drama
1237,tt5598172,Comedy
1238,tt5600326,Comedy
1239,tt5628792,Comedy
1239,tt5628792,Drama
1240,tt5629340,Comedy
1240,tt5629340,Drama
1241,tt5636222,Comedy
1241,tt5636222,Romance
1242,tt5642856,Comedy
1243,tt5657028,Comedy
1243,tt5657028,Romance
1244,tt5666160,Comedy
1245,tt5687334,Biography
1245,tt5687334,Comedy
1245,tt5687334,Drama
1246,tt5698638,Comedy
1246,tt5698638,Drama
1247,tt5698748,Comedy
1247,tt5698748,Drama
1248,tt5699154,Comedy
1248,tt5699154,Drama
1248,tt5699154,Romance
1249,tt5701120,Comedy
1250,tt5729818,Comedy
1250,tt5729818,Drama
1250,tt5729818,Romance
1251,tt5736696,Action
1251,tt5736696,Comedy
1251,tt5736696,Crime
1252,tt5765586,Comedy
1253,tt5796516,Comedy
1254,tt5799362,Comedy
1255,tt5804948,Comedy
1256,tt5825150,Comedy
1256,tt5825150,Drama
1257,tt5833730,Comedy
1257,tt5833730,Drama
1257,tt5833730,Romance
1258,tt5849814,Comedy
1259,tt5851904,Adventure
1259,tt5851904,Animation
1259,tt5851904,Comedy
1260,tt5852632,Adventure
1260,tt5852632,Comedy
1260,tt5852632,Documentary
1261,tt5867796,Comedy
1261,tt5867796,Drama
1262,tt5869404,Comedy
1262,tt5869404,Family
1262,tt5869404,Fantasy
1263,tt5876352,Comedy
1264,tt5895782,Comedy
1264,tt5895782,Drama
1265,tt5956234,Comedy
1265,tt5956234,Drama
1266,tt5964278,Comedy
1267,tt5969846,Comedy
1267,tt5969846,Family
1268,tt5972780,Comedy
1269,tt5975354,Comedy
1269,tt5975354,Drama
1270,tt5976178,Action
1270,tt5976178,Adventure
1270,tt5976178,Comedy
1271,tt5980746,Comedy
1271,tt5980746,Drama
1271,tt5980746,Family
1272,tt5986246,Comedy
1272,tt5986246,Drama
1272,tt5986246,Romance
1273,tt5993456,Comedy
1273,tt5993456,Romance
1274,tt6009140,Comedy
1274,tt6009140,Drama
1275,tt6021478,Comedy
1275,tt6021478,Romance
1276,tt6021860,Comedy
1277,tt6063866,Comedy
1277,tt6063866,Drama
1278,tt6081632,Comedy
1279,tt6095616,Comedy
1279,tt6095616,Drama
1279,tt6095616,Romance
1280,tt6096500,Comedy
1280,tt6096500,Fantasy
1281,tt6096948,Comedy
1281,tt6096948,Drama
1281,tt6096948,History
1282,tt6144762,Comedy
1282,tt6144762,Music
1283,tt6147954,Comedy
1283,tt6147954,Drama
1284,tt6194520,Comedy
1285,tt6194538,Comedy
1285,tt6194538,Family
1286,tt6194540,Comedy
1286,tt6194540,Drama
1287,tt6194704,Comedy
1288,tt6230134,Comedy
1288,tt6230134,Drama
1288,tt6230134,Thriller
1289,tt6253370,Comedy
1290,tt6268152,Comedy
1291,tt6286630,Comedy
1292,tt6286652,Comedy
1293,tt6286662,Comedy
1294,tt6286668,Adventure
1294,tt6286668,Comedy
1294,tt6286668,Drama
1295,tt6290418,Comedy
1295,tt6290418,Drama
1296,tt6314690,Adventure
1296,tt6314690,Animation
1296,tt6314690,Comedy
1297,tt6314766,Adventure
1297,tt6314766,Animation
1297,tt6314766,Comedy
1298,tt6330246,Comedy
1298,tt6330246,Drama
1298,tt6330246,Family
1299,tt6340640,Adventure
1299,tt6340640,Comedy
1299,tt6340640,Drama
1300,tt6386684,Comedy
1301,tt6423776,Comedy
1301,tt6423776,Drama
1301,tt6423776,Romance
1302,tt6441072,Comedy
1302,tt6441072,Romance
1303,tt6445396,Comedy
1303,tt6445396,Romance
1304,tt6445408,Comedy
1305,tt6451260,Comedy
1306,tt6462462,Comedy
1306,tt6462462,Drama
1307,tt6465308,Adventure
1307,tt6465308,Comedy
1308,tt6481478,Comedy
1308,tt6481478,Drama
1309,tt6515342,Comedy
1310,tt6515420,Comedy
1311,tt6545028,Comedy
1311,tt6545028,Drama
1312,tt6556552,Comedy
1313,tt6556670,Comedy
1313,tt6556670,Drama
1314,tt6659876,Comedy
1314,tt6659876,Musical
1314,tt6659876,Romance
1315,tt6665904,Comedy
1315,tt6665904,Drama
1316,tt6690004,Comedy
1316,tt6690004,Drama
1317,tt6690176,Comedy
1317,tt6690176,Drama
1317,tt6690176,Sci-Fi
1318,tt6708116,Comedy
1319,tt6777422,Comedy
1319,tt6777422,Drama
1320,tt6811992,Comedy
1321,tt6820184,Comedy
1322,tt6832138,Comedy
1323,tt6838702,Comedy
1323,tt6838702,Romance
1324,tt6857988,Comedy
1324,tt6857988,Fantasy
1324,tt6857988,Romance
1325,tt6859344,Comedy
1325,tt6859344,Romance
1326,tt6859418,Comedy
1327,tt6892462,Comedy
1327,tt6892462,Crime
1328,tt6899330,Comedy
1329,tt6913168,Comedy
1329,tt6913168,Crime
1330,tt6918220,Comedy
1330,tt6918220,Drama
1330,tt6918220,Sport
1331,tt6923840,Comedy
1331,tt6923840,Drama
1332,tt6947294,Comedy
1333,tt6948326,Comedy
1333,tt6948326,Drama
1334,tt6960736,Comedy
1335,tt6972372,Comedy
1335,tt6972372,Drama
1336,tt6995612,Adventure
1336,tt6995612,Comedy
1337,tt7005962,Comedy
1337,tt7005962,Drama
1338,tt7018010,Comedy
1338,tt7018010,Family
1338,tt7018010,Fantasy
1339,tt7023354,Comedy
1340,tt7027092,Comedy
1341,tt7028250,Comedy
1341,tt7028250,Documentary
1342,tt7029854,Comedy
1342,tt7029854,Horror
1343,tt7064498,Comedy
1343,tt7064498,History
1344,tt7066382,Comedy
1345,tt7110510,Comedy
1346,tt7126114,Comedy
1346,tt7126114,Drama
1347,tt7136896,Comedy
1347,tt7136896,Fantasy
1348,tt7141030,Comedy
1349,tt7156144,Comedy
1349,tt7156144,Drama
1350,tt7156222,Comedy
1351,tt7162380,Comedy
1351,tt7162380,Drama
1352,tt7195416,Comedy
1353,tt7201846,Comedy
1353,tt7201846,Drama
1353,tt7201846,History
1354,tt7205316,Comedy
1355,tt7205630,Comedy
1355,tt7205630,Drama
1356,tt7217028,Comedy
1357,tt7217128,Adventure
1357,tt7217128,Comedy
1357,tt7217128,Family
1358,tt7219324,Comedy
1358,tt7219324,Drama
1359,tt7238392,Action
1359,tt7238392,Comedy
1359,tt7238392,Crime
1360,tt7241074,Comedy
1360,tt7241074,Drama
1361,tt7250056,Comedy
1361,tt7250056,Drama
1361,tt7250056,Romance
1362,tt7253216,Comedy
1362,tt7253216,Drama
1362,tt7253216,Music
1363,tt7296782,Adventure
1363,tt7296782,Animation
1363,tt7296782,Comedy
1364,tt7305366,Comedy
1364,tt7305366,Drama
1365,tt7388274,Comedy
1366,tt7397338,Comedy
1366,tt7397338,Drama
1367,tt7417994,Comedy
1368,tt7419278,Comedy
1369,tt7451234,Comedy
1369,tt7451234,Drama
1369,tt7451234,Romance
1370,tt7458798,Comedy
1370,tt7458798,Drama
1371,tt7474432,Comedy
1372,tt7489740,Comedy
1373,tt7489816,Comedy
1373,tt7489816,Drama
1374,tt7491128,Comedy
1374,tt7491128,Romance
1375,tt7501966,Comedy
1375,tt7501966,Drama
1375,tt7501966,Family
1376,tt7502234,Comedy
1376,tt7502234,Drama
1377,tt7517232,Comedy
1378,tt7533422,Comedy
1378,tt7533422,Romance
1379,tt7533956,Comedy
1380,tt7534068,Comedy
1380,tt7534068,Crime
1380,tt7534068,Drama
1381,tt7534150,Comedy
1382,tt7543888,Comedy
1383,tt7543914,Comedy
1383,tt7543914,Drama
1384,tt7576426,Comedy
1384,tt7576426,Drama
1385,tt7654872,Comedy
1385,tt7654872,Drama
1385,tt7654872,Romance
1386,tt7654880,Comedy
1386,tt7654880,Drama
1387,tt7654890,Comedy
1387,tt7654890,Drama
1388,tt7661518,Comedy
1388,tt7661518,Drama
1389,tt7664096,Comedy
1390,tt7682382,Comedy
1390,tt7682382,Drama
1390,tt7682382,Romance
1391,tt7684416,Comedy
1391,tt7684416,Drama
1391,tt7684416,Romance
1392,tt7721550,Comedy
1392,tt7721550,Drama
1393,tt7766144,Comedy
1394,tt7769530,Comedy
1395,tt7831674,Comedy
1396,tt7882250,Comedy
1397,tt7936092,Action
1397,tt7936092,Comedy
1398,tt7942936,Comedy
1399,tt7972012,Action
1399,tt7972012,Comedy
1400,tt7998848,Comedy
1400,tt7998848,Romance
1401,tt8001346,Adventure
1401,tt8001346,Animation
1401,tt8001346,Comedy
1402,tt8020648,Comedy
1402,tt8020648,Drama
1403,tt8028842,Action
1403,tt8028842,Animation
1403,tt8028842,Comedy
1404,tt8054066,Comedy
1404,tt8054066,Drama
1405,tt8058904,Comedy
1405,tt8058904,Drama
1406,tt8075202,Comedy
1406,tt8075202,Drama
1406,tt8075202,Romance
1407,tt8076110,Comedy
1408,tt8080196,Comedy
1408,tt8080196,Drama
1408,tt8080196,Family
1409,tt8083606,Comedy
1409,tt8083606,Crime
1410,tt8098548,Comedy
1411,tt8129966,Comedy
1412,tt8163224,Comedy
1413,tt8171974,Comedy
1413,tt8171974,Drama
1413,tt8171974,Family
1414,tt8193790,Comedy
1414,tt8193790,Horror
1415,tt8212614,Comedy
1415,tt8212614,Drama
1416,tt8214204,Comedy
1417,tt8228700,Comedy
1417,tt8228700,Drama
1418,tt8263936,Comedy
1418,tt8263936,Drama
1418,tt8263936,Mystery
1419,tt8265928,Comedy
1419,tt8265928,Drama
1419,tt8265928,Fantasy
1420,tt8323120,Comedy
1420,tt8323120,Drama
1421,tt8329148,Adventure
1421,tt8329148,Animation
1421,tt8329148,Comedy
1422,tt8334144,Comedy
1422,tt8334144,Crime
1422,tt8334144,Drama
1423,tt8335482,Adventure
1423,tt8335482,Comedy
1423,tt8335482,Family
1424,tt8338930,Comedy
1424,tt8338930,Drama
1425,tt8398768,Comedy
1425,tt8398768,Drama
1426,tt8399088,Comedy
1426,tt8399088,Drama
1427,tt8409924,Comedy
1428,tt8413714,Comedy
1429,tt8421056,Comedy
1430,tt8476174,Comedy
1430,tt8476174,Family
1431,tt8500038,Comedy
1431,tt8500038,Drama
1432,tt8506714,Comedy
1433,tt8523334,Action
1433,tt8523334,Comedy
1433,tt8523334,Crime
1434,tt8538552,Comedy
1434,tt8538552,Drama
1435,tt8572922,Comedy
1436,tt8599746,Comedy
1436,tt8599746,Drama
1436,tt8599746,Family
1437,tt8600414,Comedy
1438,tt8630054,Comedy
1438,tt8630054,Drama
1438,tt8630054,Romance
1439,tt8633950,Comedy
1439,tt8633950,Drama
1440,tt8649636,Comedy
1440,tt8649636,Drama
1441,tt8655470,Comedy
1441,tt8655470,Drama
1442,tt8655574,Comedy
1442,tt8655574,Drama
1442,tt8655574,Family
1443,tt8682932,Comedy
1443,tt8682932,Drama
1444,tt8699286,Comedy
1444,tt8699286,Drama
1445,tt8763008,Comedy
1445,tt8763008,Drama
1446,tt8783532,Comedy
1446,tt8783532,Drama
1447,tt8792898,Comedy
1448,tt8802706,Comedy
1449,tt8826496,Comedy
1449,tt8826496,Sport
1450,tt8871394,Comedy
1450,tt8871394,Family
1451,tt8881530,Comedy
1451,tt8881530,Drama
1451,tt8881530,Romance
1452,tt8886032,Comedy
1453,tt8903294,Comedy
1454,tt8903840,Comedy
1454,tt8903840,Drama
1455,tt8923444,Comedy
1455,tt8923444,Drama
1456,tt8956156,Comedy
1456,tt8956156,Romance
1457,tt8992390,Comedy
1458,tt9016296,Comedy
1458,tt9016296,Drama
1459,tt9031048,Comedy
1459,tt9031048,Drama
1460,tt9041234,Comedy
1460,tt9041234,Drama
1460,tt9041234,Romance
1461,tt9041586,Comedy
1461,tt9041586,Drama
1462,tt9053344,Comedy
1463,tt9066502,Comedy
1463,tt9066502,Drama
1464,tt9096148,Comedy
1465,tt9112776,Comedy
1465,tt9112776,Drama
1465,tt9112776,Romance
1466,tt9120416,Comedy
1466,tt9120416,Drama
1466,tt9120416,Romance
1467,tt9155512,Action
1467,tt9155512,Adventure
1467,tt9155512,Comedy
1468,tt9162090,Comedy
1469,tt9164788,Comedy
1469,tt9164788,Romance
1469,tt9164788,Sci-Fi
1470,tt9169966,Comedy
1471,tt9172422,Comedy
1471,tt9172422,Drama
1471,tt9172422,Fantasy
1472,tt9172490,Comedy
1472,tt9172490,Drama
1473,tt9182404,Comedy
1474,tt9209312,Comedy
1474,tt9209312,Fantasy
1474,tt9209312,Romance
1475,tt9235038,Comedy
1476,tt9284430,Comedy
1476,tt9284430,Drama
1477,tt9288726,Comedy
1477,tt9288726,Crime
1477,tt9288726,Drama
1478,tt9303508,Comedy
1479,tt9303772,Comedy
1480,tt9351598,Comedy
1480,tt9351598,Drama
1481,tt9372116,Comedy
1482,tt9372172,Comedy
1483,tt9384150,Comedy
1484,tt9431080,Comedy
1485,tt9454778,Comedy
1486,tt9568486,Comedy
1487,tt9625632,Comedy
1488,tt9629114,Comedy
1488,tt9629114,Crime
1489,tt9632590,Comedy
1489,tt9632590,Drama
1490,tt9648886,Comedy
1490,tt9648886,Drama
1491,tt9665786,Comedy
1492,tt9679234,Comedy
1492,tt9679234,Drama
1493,tt9680064,Action
1493,tt9680064,Adventure
1493,tt9680064,Comedy
1494,tt9699640,Comedy
1495,tt9719864,Adventure
1495,tt9719864,Animation
1495,tt9719864,Comedy
1496,tt9767556,Comedy
1496,tt9767556,Drama
1497,tt9777790,Comedy
1498,tt9811374,Comedy
1499,tt9828918,Comedy
1500,tt9844322,Adventure
1500,tt9844322,Comedy
1500,tt9844322,Fantasy
1501,tt9861288,Comedy
1502,tt9894450,Comedy
1502,tt9894450,Drama
1503,tt9908390,Comedy
